peptide,name,length,allele,fusion_ic50_nM,fusion_percentile,binding_class,wt_side,wt_peptide,wt_ic50_nM,dai,junction_pos
EAVEKAKPR,class_I_9mer_15,9,HLA-A*68:01,30.58,0.0881,ELITE,DEK,EPPKKTAKR,431.48,14.11,1
EAVEKAKPR,class_I_9mer_15,9,HLA-A*68:01,30.58,0.0881,ELITE,AFF2,GSGSSSESE,28624.97,936.07,1
EAVEKAKPR,class_I_9mer_15,9,HLA-A*33:01,43.5,0.0563,ELITE,DEK,EPPKKTAKR,405.01,9.31,1
EAVEKAKPR,class_I_9mer_15,9,HLA-A*33:01,43.5,0.0563,ELITE,AFF2,GSGSSSESE,30379.32,698.38,1
SEEEAVEKA,class_I_9mer_12,9,HLA-B*40:02,65.27,0.4834,STRONG,DEK,SEEEPPKKT,94.66,1.45,4
SEEEAVEKA,class_I_9mer_12,9,HLA-B*40:02,65.27,0.4834,STRONG,AFF2,ASGGSGSSS,22504.5,344.79,4
KESEEEAVEKA,class_I_11mer_29,11,HLA-B*40:02,70.66,0.5441,STRONG,DEK,KESEEEPPKKT,254.73,3.61,6
KESEEEAVEKA,class_I_11mer_29,11,HLA-B*40:02,70.66,0.5441,STRONG,AFF2,VQASGGSGSSS,10788.96,152.69,6
KESEEEAV,class_I_8mer_2,8,HLA-B*40:02,95.68,0.7448,STRONG,DEK,KESEEEPP,9894.68,103.41,6
KESEEEAV,class_I_8mer_2,8,HLA-B*40:02,95.68,0.7448,STRONG,AFF2,VQASGGSG,30067.9,314.25,6
ESEEEAVEK,class_I_9mer_11,9,HLA-A*68:01,136.76,0.8106,STRONG,DEK,ESEEEPPKK,205.24,1.5,5
ESEEEAVEK,class_I_9mer_11,9,HLA-A*68:01,136.76,0.8106,STRONG,AFF2,QASGGSGSS,22863.82,167.18,5
SEEEAVEKA,class_I_9mer_12,9,HLA-B*40:01,139.08,0.3949,STRONG,DEK,SEEEPPKKT,353.22,2.54,4
SEEEAVEKA,class_I_9mer_12,9,HLA-B*40:01,139.08,0.3949,STRONG,AFF2,ASGGSGSSS,29631.04,213.05,4
ESEEEAVEK,class_I_9mer_11,9,HLA-C*03:03,147.93,0.959,STRONG,DEK,ESEEEPPKK,240.54,1.63,5
ESEEEAVEK,class_I_9mer_11,9,HLA-C*03:03,147.93,0.959,STRONG,AFF2,QASGGSGSS,5331.1,36.04,5
ESEEEAVEKAK,class_I_11mer_30,11,HLA-A*68:01,176.73,0.9374,STRONG,DEK,ESEEEPPKKTA,26091.24,147.63,5
ESEEEAVEKAK,class_I_11mer_30,11,HLA-A*68:01,176.73,0.9374,STRONG,AFF2,QASGGSGSSSE,9634.67,54.52,5
ESEEEAVEK,class_I_9mer_11,9,HLA-C*02:02,203.38,1.4525,STRONG,DEK,ESEEEPPKK,544.62,2.68,5
ESEEEAVEK,class_I_9mer_11,9,HLA-C*02:02,203.38,1.4525,STRONG,AFF2,QASGGSGSS,6478.23,31.85,5
KESEEEAVEKA,class_I_11mer_29,11,HLA-B*40:01,205.74,0.486,STRONG,DEK,KESEEEPPKKT,2460.61,11.96,6
KESEEEAVEKA,class_I_11mer_29,11,HLA-B*40:01,205.74,0.486,STRONG,AFF2,VQASGGSGSSS,22801.85,110.83,6
KESEEEAVEK,class_I_10mer_19,10,HLA-C*03:03,253.12,1.6529,STRONG,DEK,KESEEEPPKK,899.34,3.55,6
KESEEEAVEK,class_I_10mer_19,10,HLA-C*03:03,253.12,1.6529,STRONG,AFF2,VQASGGSGSS,11564.97,45.69,6
SEEEAVEKAK,class_I_10mer_21,10,HLA-C*03:03,257.01,1.6847,STRONG,DEK,SEEEPPKKTA,14175.32,55.15,4
SEEEAVEKAK,class_I_10mer_21,10,HLA-C*03:03,257.01,1.6847,STRONG,AFF2,ASGGSGSSSE,2539.92,9.88,4
KESEEEAVEKA,class_I_11mer_29,11,HLA-B*44:02,258.95,0.627,STRONG,DEK,KESEEEPPKKT,590.77,2.28,6
KESEEEAVEKA,class_I_11mer_29,11,HLA-B*44:02,258.95,0.627,STRONG,AFF2,VQASGGSGSSS,24007.13,92.71,6
SEEEAVEKA,class_I_9mer_12,9,HLA-B*44:02,261.27,0.627,STRONG,DEK,SEEEPPKKT,320.05,1.22,4
SEEEAVEKA,class_I_9mer_12,9,HLA-B*44:02,261.27,0.627,STRONG,AFF2,ASGGSGSSS,30022.74,114.91,4
ESEEEAVEKAK,class_I_11mer_30,11,HLA-C*03:03,293.65,1.8901,STRONG,DEK,ESEEEPPKKTA,16472.16,56.09,5
ESEEEAVEKAK,class_I_11mer_30,11,HLA-C*03:03,293.65,1.8901,STRONG,AFF2,QASGGSGSSSE,760.2,2.59,5
EAVEKAKPR,class_I_9mer_15,9,HLA-A*31:01,350.39,0.9942,STRONG,DEK,EPPKKTAKR,4712.92,13.45,1
EAVEKAKPR,class_I_9mer_15,9,HLA-A*31:01,350.39,0.9942,STRONG,AFF2,GSGSSSESE,29644.29,84.6,1
KESEEEAVEK,class_I_10mer_19,10,HLA-B*27:05,357.74,1.5412,STRONG,DEK,KESEEEPPKK,334.03,0.93,6
KESEEEAVEK,class_I_10mer_19,10,HLA-B*27:05,357.74,1.5412,STRONG,AFF2,VQASGGSGSS,3584.61,10.02,6
ESEEEAVEK,class_I_9mer_11,9,HLA-C*06:02,384.1,1.313,STRONG,DEK,ESEEEPPKK,792.72,2.06,5
ESEEEAVEK,class_I_9mer_11,9,HLA-C*06:02,384.1,1.313,STRONG,AFF2,QASGGSGSS,14560.67,37.91,5
SEEEAVEKAK,class_I_10mer_21,10,HLA-B*44:02,386.76,0.7565,STRONG,DEK,SEEEPPKKTA,254.18,0.66,4
SEEEAVEKAK,class_I_10mer_21,10,HLA-B*44:02,386.76,0.7565,STRONG,AFF2,ASGGSGSSSE,28918.42,74.77,4
KESEEEAVEKA,class_I_11mer_29,11,HLA-B*44:03,400.87,0.7292,STRONG,DEK,KESEEEPPKKT,1155.29,2.88,6
KESEEEAVEKA,class_I_11mer_29,11,HLA-B*44:03,400.87,0.7292,STRONG,AFF2,VQASGGSGSSS,23631.97,58.95,6
KESEEEAVEK,class_I_10mer_19,10,HLA-B*40:02,440.15,1.5586,STRONG,DEK,KESEEEPPKK,997.05,2.27,6
KESEEEAVEK,class_I_10mer_19,10,HLA-B*40:02,440.15,1.5586,STRONG,AFF2,VQASGGSGSS,19920.87,45.26,6
SEEEAVEKA,class_I_9mer_12,9,HLA-B*44:03,442.4,0.758,STRONG,DEK,SEEEPPKKT,576.17,1.3,4
SEEEAVEKA,class_I_9mer_12,9,HLA-B*44:03,442.4,0.758,STRONG,AFF2,ASGGSGSSS,30035.48,67.89,4
