peptide,name,length,allele,fusion_ic50_nM,fusion_percentile,binding_class,wt_side,wt_peptide,wt_ic50_nM,dai,junction_pos,dai_normalized,binding_normalized,composite_score
EAVEKAKPR,class_I_9mer_15,9,HLA-A*68:01,30.58,0.0881,ELITE,AFF2,GSGSSSESE,28624.97,936.07,1,1.0,0.930877034358047,0.9654
EAVEKAKPR,class_I_9mer_15,9,HLA-A*33:01,43.5,0.0563,ELITE,AFF2,GSGSSSESE,30379.32,698.38,1,0.7460766822994006,0.9016726943942134,0.8239
SEEEAVEKA,class_I_9mer_12,9,HLA-B*40:02,65.27,0.4834,STRONG,AFF2,ASGGSGSSS,22504.5,344.79,4,0.3683378379822022,0.8524638336347197,0.6104
KESEEEAV,class_I_8mer_2,8,HLA-B*40:02,95.68,0.7448,STRONG,AFF2,VQASGGSG,30067.9,314.25,6,0.3357120728150672,0.7837251356238698,0.5597
KESEEEAVEKA,class_I_11mer_29,11,HLA-B*40:02,70.66,0.5441,STRONG,AFF2,VQASGGSGSSS,10788.96,152.69,6,0.16311814287393037,0.8402802893309222,0.5017
SEEEAVEKA,class_I_9mer_12,9,HLA-B*40:01,139.08,0.3949,STRONG,AFF2,ASGGSGSSS,29631.04,213.05,4,0.22760049996260964,0.685623869801085,0.4566
ESEEEAVEK,class_I_9mer_11,9,HLA-A*68:01,136.76,0.8106,STRONG,AFF2,QASGGSGSS,22863.82,167.18,5,0.17859775444144135,0.690867992766727,0.4347
ESEEEAVEKAK,class_I_11mer_30,11,HLA-A*68:01,176.73,0.9374,STRONG,DEK,ESEEEPPKKTA,26091.24,147.63,5,0.15771256423130747,0.6005198915009042,0.3791
ESEEEAVEK,class_I_9mer_11,9,HLA-C*03:03,147.93,0.959,STRONG,AFF2,QASGGSGSS,5331.1,36.04,5,0.03850139412650763,0.665619349005425,0.3521
KESEEEAVEKA,class_I_11mer_29,11,HLA-B*40:01,205.74,0.486,STRONG,AFF2,VQASGGSGSSS,22801.85,110.83,6,0.11839926501223198,0.5349457504520796,0.3267
ESEEEAVEK,class_I_9mer_11,9,HLA-C*02:02,203.38,1.4525,STRONG,AFF2,QASGGSGSS,6478.23,31.85,5,0.03402523315564007,0.5402802893309222,0.2872
SEEEAVEKA,class_I_9mer_12,9,HLA-B*44:02,261.27,0.627,STRONG,AFF2,ASGGSGSSS,30022.74,114.91,4,0.1227579134039121,0.40942585895117545,0.2661
KESEEEAVEKA,class_I_11mer_29,11,HLA-B*44:02,258.95,0.627,STRONG,AFF2,VQASGGSGSSS,24007.13,92.71,6,0.09904173833153503,0.41466998191681737,0.2569
SEEEAVEKAK,class_I_10mer_21,10,HLA-C*03:03,257.01,1.6847,STRONG,DEK,SEEEPPKKTA,14175.32,55.15,4,0.05891653401989167,0.4190551537070525,0.239
KESEEEAVEK,class_I_10mer_19,10,HLA-C*03:03,253.12,1.6529,STRONG,AFF2,VQASGGSGSS,11564.97,45.69,6,0.04881045220977063,0.42784810126582273,0.2383
ESEEEAVEKAK,class_I_11mer_30,11,HLA-C*03:03,293.65,1.8901,STRONG,DEK,ESEEEPPKKTA,16472.16,56.09,5,0.05992073242385719,0.3362341772151899,0.1981
EAVEKAKPR,class_I_9mer_15,9,HLA-A*31:01,350.39,0.9942,STRONG,AFF2,GSGSSSESE,29644.29,84.6,1,0.09037785635689638,0.20797920433996386,0.1492
SEEEAVEKAK,class_I_10mer_21,10,HLA-B*44:02,386.76,0.7565,STRONG,AFF2,ASGGSGSSSE,28918.42,74.77,4,0.07987650496223572,0.1257685352622061,0.1028
KESEEEAVEK,class_I_10mer_19,10,HLA-B*27:05,357.74,1.5412,STRONG,AFF2,VQASGGSGSS,3584.61,10.02,6,0.01070432766780262,0.19136528028933086,0.101
ESEEEAVEK,class_I_9mer_11,9,HLA-C*06:02,384.1,1.313,STRONG,AFF2,QASGGSGSS,14560.67,37.91,5,0.04049910797269434,0.13178119349005413,0.0861
KESEEEAVEKA,class_I_11mer_29,11,HLA-B*44:03,400.87,0.7292,STRONG,AFF2,VQASGGSGSSS,23631.97,58.95,6,0.062976059482731,0.09387432188065092,0.0784
SSDDEDKESEEEAVE,class_II_15mer_3,15,HLA-B*27:05,396.87,1.6961,STRONG,AFF2,PQPPPAVQASGGSGS,2201.2,5.55,12,0.005929043768094266,0.10291591320072324,0.0544
SEEEAVEKA,class_I_9mer_12,9,HLA-B*44:03,442.4,0.758,STRONG,AFF2,ASGGSGSSS,30035.48,67.89,4,0.0725266272821477,0.0,0.0363
SDDEDKESEEEAVEK,class_II_15mer_4,15,HLA-B*27:05,417.83,1.7853,STRONG,AFF2,QPPPAVQASGGSGSS,839.66,2.01,11,0.0021472753106071122,0.05553797468354427,0.0288
KESEEEAVEK,class_I_10mer_19,10,HLA-B*40:02,440.15,1.5586,STRONG,AFF2,VQASGGSGSS,19920.87,45.26,6,0.04835108485476513,0.005085895117540651,0.0267
